TRBV_gene,CDR3_beta,TRBJ_gene,epitope,pathology,score,bpr,sample_id,total_count,unique_TCRs,unique_CDR3s,N_nt_seq,count,freq
TRBV07-03,CASSLAGAGNEQFF,TRBJ02-01,VTEHDTLLY,CMV,0.79,0.0,5_cd8_1_S37,15718,855,845,2,44,0.002799338338210968
TRBV07-02,CASSLAGNEQYF,TRBJ02-07,FVDGVPFVV,SARS-CoV-2,0.86,1e-05,5_cd8_1_S37,15718,855,845,2,23,0.0014632904949739153
TRBV27,CASSLGSGTYEQYF,TRBJ02-07,TPRVTGGGAM,CMV,0.7,2.9999999999999997e-05,5_cd8_1_S37,15718,855,845,1,18,0.0011451838656317598
TRBV19,CASSILLAGPYNEQFF,TRBJ02-01,YFPLQSYGF,SARS-CoV-2,0.69,2.9999999999999997e-05,5_cd8_1_S37,15718,855,845,1,26,0.0016541544725792085
TRBV07-09,CASSPGTEAFF,TRBJ01-01,RQLLFVVEV,SARS-CoV-2,0.78,4e-05,5_cd8_1_S37,15718,855,845,1,9,0.0005725919328158799
TRBV04-01,CASSQAQGYEQYF,TRBJ02-07,IPIQASLPF,SARS-CoV-2,0.7,5e-05,5_cd8_1_S37,15718,855,845,1,16,0.0010179412138948977
TRBV13,CASSLGSGPGNTIYF,TRBJ01-03,KEIDRLNEV,SARS-CoV-2,0.81,5e-05,5_cd8_1_S37,15718,855,845,1,21,0.001336047843237053
TRBV27,CASSLGGGNSYEQYF,TRBJ02-07,TLVPQEHYV,SARS-CoV-2,0.71,5e-05,5_cd8_1_S37,15718,855,845,1,26,0.0016541544725792085
TRBV27,CASSLAGANTEAFF,TRBJ01-01,FPPTSFGPL,SARS-CoV-2,0.91,5.9999999999999995e-05,5_cd8_1_S37,15718,855,845,1,34,0.0021631250795266575
TRBV27,CASSFGGYNEQFF,TRBJ02-01,IVDTVSALV,SARS-CoV-2,0.65,5.9999999999999995e-05,5_cd8_1_S37,15718,855,845,1,10,0.000636213258684311
TRBV05-01,CASSLGGGYEQYF,TRBJ02-07,IVDTVSALV,SARS-CoV-2,0.65,5.9999999999999995e-05,5_cd8_1_S37,15718,855,845,1,21,0.001336047843237053
TRBV12-03,CASTTSGVSYNEQFF,TRBJ02-01,ELAGIGILTV,Melanoma,0.67,7e-05,5_cd8_1_S37,15718,855,845,1,15,0.0009543198880264664
TRBV27,CASRLGKRTPYEQYF,TRBJ02-07,TPRVTGGGAM,CMV,0.64,8e-05,5_cd8_1_S37,15718,855,845,1,23,0.0014632904949739153
TRBV12-03,CASRLAGDEQFF,TRBJ02-01,TPQDLNTML,HIV,0.52,8e-05,5_cd8_1_S37,15718,855,845,1,9,0.0005725919328158799
TRBV30,CAWTGANYGYTF,TRBJ01-02,KAFSPEVIPMF,HIV,0.92,9e-05,5_cd8_1_S37,15718,855,845,1,16,0.0010179412138948977
TRBV12-03,CASSSGPNTGELFF,TRBJ02-02,ELAGIGILTV,Melanoma,0.64,9e-05,5_cd8_1_S37,15718,855,845,1,32,0.002035882427789795
TRBV25-01,CASSTVYEQYF,TRBJ02-07,ALSKGVHFV,SARS-CoV-2,0.64,9e-05,5_cd8_1_S37,15718,855,845,1,19,0.0012088051915001908
TRBV27,CASSLGTGASYEQYF,TRBJ02-07,FPPTSFGPL,SARS-CoV-2,0.9,9e-05,5_cd8_1_S37,15718,855,845,1,20,0.001272426517368622
TRBV06-06,CASSLGYEQYF,TRBJ02-07,KAYNVTQAF,SARS-CoV-2,0.65,0.0001,5_cd8_1_S37,15718,855,845,1,12,0.0007634559104211731
