TRBV_gene,CDR3_beta,TRBJ_gene,epitope,pathology,score,bpr,sample_id,total_count,unique_TCRs,unique_CDR3s,N_nt_seq,count,freq
TRBV27,CASSSLNTEAFF,TRBJ01-01,RAKFKQLL,EBV,0.96,0.0,2_cd4_2_S79,67267,839,827,1,13,0.0001932596964336153
TRBV28,CASSSYEQYF,TRBJ02-07,ISPRTLNAW,HIV,0.66,0.0,2_cd4_2_S79,67267,839,827,2,33,0.000490582306331485
TRBV29-01,CSVGTGGTNEKLFF,TRBJ01-04,GLCTLVAML,EBV,1.0,1e-05,2_cd4_2_S79,67267,839,827,3,10,0.00014866130494893483
TRBV10-03,CAISGSSGGAYNEQFF,TRBJ02-01,IVTDFSVIK,EBV,0.68,2.9999999999999997e-05,2_cd4_2_S79,67267,839,827,1,74,0.001100093656622118
TRBV12-03,CASSLGVGGYTF,TRBJ01-02,TPQDLNTML,HIV,0.55,4e-05,2_cd4_2_S79,67267,839,827,1,488,0.00725467168150802
TRBV12-03,CASSETGANTEAFF,TRBJ01-01,NLVPMVATV,CMV,0.71,5e-05,2_cd4_2_S79,67267,839,827,1,84,0.0012487549615710527
TRBV12-03,CASSLARGTSSEQYF,TRBJ02-07,NLVPMVATV,CMV,0.7,5e-05,2_cd4_2_S79,67267,839,827,1,110,0.0016352743544382831
TRBV12-03,CASSETGANTEAFF,TRBJ01-01,ELAGIGILTV,Melanoma,0.68,7e-05,2_cd4_2_S79,67267,839,827,1,84,0.0012487549615710527
TRBV27,CASSLSGVADTQYF,TRBJ02-03,HTTDPSFLGRY,SARS-CoV-2,0.98,7e-05,2_cd4_2_S79,67267,839,827,1,61,0.0009068339601885024
TRBV12-03,CASSWGLTGELFF,TRBJ02-02,NLVPMVATV,CMV,0.68,8e-05,2_cd4_2_S79,67267,839,827,1,133,0.0019771953558208326
TRBV27,CASSSLNTEAFF,TRBJ01-01,GLCTLVAML,EBV,0.67,9e-05,2_cd4_2_S79,67267,839,827,1,13,0.0001932596964336153
TRBV12-03,CASSGTLSSYEQYF,TRBJ02-07,ELAGIGILTV,Melanoma,0.64,9e-05,2_cd4_2_S79,67267,839,827,1,37,0.000550046828311059
TRBV12-03,CASSLGVGGYTF,TRBJ01-02,ELAGIGILTV,Melanoma,0.64,9e-05,2_cd4_2_S79,67267,839,827,1,488,0.00725467168150802
TRBV07-02,CASSFGYNEQFF,TRBJ02-01,FVDGVPFVV,SARS-CoV-2,0.75,9e-05,2_cd4_2_S79,67267,839,827,1,92,0.0013676840055302005
TRBV27,CASSLRGGPDTQYF,TRBJ02-03,HTTDPSFLGRY,SARS-CoV-2,0.97,9e-05,2_cd4_2_S79,67267,839,827,1,115,0.0017096050069127506
TRBV27,CASSLSSGFDEQFF,TRBJ02-01,HTTDPSFLGRY,SARS-CoV-2,0.97,9e-05,2_cd4_2_S79,67267,839,827,1,550,0.008176371772191417
TRBV12-03,CASSFWGYEQFF,TRBJ02-01,TLIGDCATV,SARS-CoV-2,0.58,9e-05,2_cd4_2_S79,67267,839,827,1,79,0.0011744243090965852
